{"stats":{"minecraft:used":{"minecraft:stone_pickaxe":113,"minecraft:wooden_pickaxe":20,"minecraft:cooked_chicken":1,"minecraft:torch":5,"minecraft:dirt":11,"minecraft:spruce_boat":1,"variantcraftingtables:spruce_crafting_table":3,"minecraft:iron_pickaxe":49,"minecraft:stone_axe":63,"minecraft:cobblestone":35,"minecraft:sweet_berries":24,"minecraft:furnace":3,"minecraft:bucket":1,"minecraft:egg":1},"minecraft:dropped":{"minecraft:iron_sword":1,"minecraft:sweet_berries":7,"minecraft:cobbled_deepslate":1,"minecraft:rotten_flesh":4,"minecraft:glow_berries":1,"minecraft:cobblestone":10,"minecraft:spruce_button":1,"minecraft:poppy":1,"minecraft:spruce_boat":1,"minecraft:andesite":1,"minecraft:flowering_azalea":2,"minecraft:stone_pickaxe":1,"minecraft:wooden_pickaxe":2,"minecraft:spruce_sapling":4,"twigs:twig":4},"minecraft:picked_up":{"minecraft:feather":2,"minecraft:chicken":1,"minecraft:andesite":1,"minecraft:wooden_pickaxe":1,"minecraft:lapis_lazuli":19,"minecraft:dirt":11,"minecraft:cooked_mutton":3,"minecraft:bone":1,"minecraft:cobbled_deepslate":1,"minecraft:iron_ingot":15,"minecraft:poppy":1,"twigs:twig":4,"variantcraftingtables:spruce_crafting_table":2,"minecraft:flowering_azalea":2,"minecraft:egg":1,"minecraft:furnace":2,"minecraft:raw_iron":44,"minecraft:sweet_berries":31,"minecraft:spruce_sapling":4,"minecraft:spruce_log":39,"minecraft:arrow":2,"mythic_charms:experience_nugget":37,"minecraft:rotten_flesh":4,"minecraft:spruce_boat":1,"minecraft:glow_berries":1,"minecraft:mutton":5,"minecraft:coal":115,"minecraft:white_wool":2,"minecraft:cobblestone":86},"minecraft:custom":{"minecraft:interact_with_furnace":18,"minecraft:mob_kills":11,"minecraft:interact_with_crafting_table":13,"minecraft:time_since_death":6829,"minecraft:time_since_rest":6887,"minecraft:sprint_one_cm":77802,"minecraft:damage_taken":517,"minecraft:walk_one_cm":58980,"minecraft:drop":29,"minecraft:damage_dealt":1400,"minecraft:swim_one_cm":603,"minecraft:fly_one_cm":43341,"minecraft:crouch_one_cm":665,"minecraft:play_time":28323,"minecraft:deaths":1,"minecraft:sneak_time":231,"minecraft:walk_under_water_one_cm":644,"minecraft:boat_one_cm":6424,"minecraft:jump":479,"minecraft:walk_on_water_one_cm":4500,"minecraft:total_world_time":28323,"minecraft:fall_one_cm":11521},"minecraft:crafted":{"variantcraftingtables:spruce_crafting_table":2,"minecraft:spruce_planks":60,"minecraft:spruce_button":1,"minecraft:wooden_pickaxe":1,"minecraft:cooked_chicken":1,"minecraft:iron_sword":2,"minecraft:furnace":2,"minecraft:bucket":1,"minecraft:stone_axe":1,"minecraft:cooked_mutton":1,"minecraft:air":0,"minecraft:iron_chestplate":1,"minecraft:shield":1,"minecraft:spruce_wood":3,"minecraft:stick":16,"minecraft:iron_ingot":19,"minecraft:iron_pickaxe":1,"minecraft:stone_pickaxe":1,"minecraft:spruce_boat":2,"minecraft:torch":8,"minecraft:shears":1},"minecraft:mined":{"minecraft:flowering_azalea":3,"variantcraftingtables:spruce_crafting_table":2,"minecraft:grass_block":4,"minecraft:poppy":2,"minecraft:spruce_leaves":12,"minecraft:lapis_ore":4,"minecraft:furnace":2,"minecraft:iron_ore":38,"minecraft:sweet_berry_bush":18,"minecraft:spruce_log":40,"minecraft:andesite":1,"minecraft:grass":6,"minecraft:coal_ore":53,"minecraft:dirt":7,"minecraft:stone":79,"minecraft:deepslate":1,"minecraft:fern":2},"minecraft:killed":{"minecraft:sheep":3,"minecraft:skeleton":1,"friendsandfoes:glare":1,"minecraft:zombie":4,"minecraft:chicken":2}},"DataVersion":3465}