{"stats":{"minecraft:used":{"variantcraftingtables:spruce_crafting_table":2,"minecraft:stone_pickaxe":87,"minecraft:wooden_pickaxe":20,"minecraft:cooked_chicken":1,"minecraft:stone_axe":34,"minecraft:torch":4,"minecraft:dirt":11,"minecraft:cobblestone":14,"minecraft:sweet_berries":9,"minecraft:furnace":1,"minecraft:bucket":1,"minecraft:egg":1},"minecraft:dropped":{"minecraft:cobblestone":10,"minecraft:spruce_button":1,"minecraft:wooden_pickaxe":2},"minecraft:picked_up":{"minecraft:raw_iron":30,"minecraft:feather":2,"minecraft:chicken":1,"minecraft:andesite":1,"minecraft:sweet_berries":21,"minecraft:wooden_pickaxe":1,"minecraft:spruce_sapling":3,"minecraft:spruce_log":30,"minecraft:dirt":11,"mythic_charms:experience_nugget":13,"minecraft:poppy":1,"twigs:twig":3,"minecraft:glow_berries":1,"minecraft:flowering_azalea":2,"minecraft:coal":22,"minecraft:cobblestone":61,"minecraft:egg":1},"minecraft:custom":{"minecraft:time_since_rest":16323,"minecraft:interact_with_furnace":8,"minecraft:sprint_one_cm":45780,"minecraft:damage_taken":110,"minecraft:walk_one_cm":30509,"minecraft:mob_kills":3,"minecraft:drop":4,"minecraft:damage_dealt":349,"minecraft:swim_one_cm":603,"minecraft:interact_with_crafting_table":11,"minecraft:fly_one_cm":21407,"minecraft:crouch_one_cm":504,"minecraft:play_time":16323,"minecraft:sneak_time":209,"minecraft:walk_under_water_one_cm":644,"minecraft:jump":206,"minecraft:walk_on_water_one_cm":2899,"minecraft:time_since_death":16323,"minecraft:total_world_time":16323,"minecraft:fall_one_cm":5406},"minecraft:crafted":{"variantcraftingtables:spruce_crafting_table":2,"minecraft:iron_chestplate":1,"minecraft:shield":1,"minecraft:spruce_wood":3,"minecraft:stick":16,"minecraft:spruce_planks":40,"minecraft:iron_pickaxe":1,"minecraft:iron_ingot":15,"minecraft:spruce_button":1,"minecraft:wooden_pickaxe":1,"minecraft:cooked_chicken":1,"minecraft:stone_pickaxe":1,"minecraft:furnace":2,"minecraft:bucket":1,"minecraft:torch":8,"minecraft:stone_axe":1,"minecraft:air":0},"minecraft:mined":{"minecraft:flowering_azalea":3,"minecraft:iron_ore":30,"minecraft:sweet_berry_bush":14,"minecraft:spruce_log":31,"minecraft:andesite":1,"minecraft:grass":4,"minecraft:grass_block":4,"minecraft:coal_ore":22,"minecraft:poppy":2,"minecraft:dirt":7,"minecraft:spruce_leaves":12,"minecraft:stone":51},"minecraft:killed":{"friendsandfoes:glare":1,"minecraft:chicken":2}},"DataVersion":3465}