{"stats":{"minecraft:used":{"minecraft:dirt":3,"variantcraftingtables:spruce_crafting_table":1,"minecraft:wooden_pickaxe":19},"minecraft:dropped":{"minecraft:spruce_button":1,"minecraft:wooden_pickaxe":1},"minecraft:picked_up":{"minecraft:wooden_pickaxe":1,"minecraft:spruce_log":11,"minecraft:dirt":3,"minecraft:cobblestone":18},"minecraft:custom":{"minecraft:time_since_rest":4323,"minecraft:crouch_one_cm":344,"minecraft:play_time":4323,"minecraft:sprint_one_cm":3085,"minecraft:damage_taken":20,"minecraft:walk_one_cm":10761,"minecraft:sneak_time":53,"minecraft:drop":2,"minecraft:jump":13,"minecraft:damage_dealt":19,"minecraft:time_since_death":4323,"minecraft:total_world_time":4323,"minecraft:interact_with_crafting_table":3,"minecraft:fly_one_cm":407},"minecraft:crafted":{"variantcraftingtables:spruce_crafting_table":1,"minecraft:spruce_wood":3,"minecraft:spruce_planks":40,"minecraft:stick":8,"minecraft:spruce_button":1,"minecraft:wooden_pickaxe":1},"minecraft:mined":{"minecraft:grass_block":2,"minecraft:dirt":2,"minecraft:stone":18,"minecraft:spruce_leaves":7,"minecraft:spruce_log":11}},"DataVersion":3465}