{"stats":{"minecraft:used":{"minecraft:dirt":3},"minecraft:dropped":{"minecraft:wooden_pickaxe":2},"minecraft:picked_up":{"minecraft:spruce_log":2,"minecraft:wooden_pickaxe":2,"minecraft:dirt":4},"minecraft:custom":{"minecraft:jump":58,"minecraft:time_since_rest":8659,"minecraft:damage_taken":19,"minecraft:damage_dealt":20,"minecraft:leave_game":1,"minecraft:play_time":8659,"minecraft:sprint_one_cm":20942,"minecraft:time_since_death":8659,"minecraft:walk_on_water_one_cm":473,"minecraft:walk_one_cm":15004,"minecraft:total_world_time":8659,"minecraft:interact_with_crafting_table":1,"minecraft:drop":2,"minecraft:fall_one_cm":836,"minecraft:fly_one_cm":14728},"minecraft:mined":{"minecraft:spruce_log":2,"minecraft:spruce_leaves":2,"minecraft:grass_block":1,"minecraft:dirt":3}},"DataVersion":3465}