{"stats":{"minecraft:used":{"minecraft:diorite":3,"minecraft:wooden_axe":13,"variantcraftingtables:spruce_crafting_table":2,"minecraft:stone_pickaxe":28,"minecraft:spruce_planks":5,"minecraft:wooden_pickaxe":8,"minecraft:torch":9,"minecraft:dirt":5},"minecraft:dropped":{"minecraft:wooden_pickaxe":2},"minecraft:picked_up":{"minecraft:raw_iron":3,"minecraft:feather":2,"minecraft:chicken":1,"minecraft:clay_ball":4,"minecraft:torch":1,"minecraft:wooden_pickaxe":2,"minecraft:spruce_sapling":1,"minecraft:diorite":3,"minecraft:spruce_log":12,"minecraft:dirt":5,"minecraft:raw_copper":5,"mythic_charms:experience_nugget":6,"variantcraftingtables:spruce_crafting_table":1,"minecraft:coal":10,"minecraft:cobblestone":19},"minecraft:custom":{"minecraft:time_since_rest":20659,"minecraft:interact_with_furnace":5,"minecraft:sprint_one_cm":47825,"minecraft:damage_taken":129,"minecraft:walk_one_cm":54997,"minecraft:mob_kills":1,"minecraft:drop":2,"minecraft:damage_dealt":60,"minecraft:interact_with_crafting_table":6,"minecraft:fly_one_cm":27720,"minecraft:crouch_one_cm":809,"minecraft:play_time":20659,"minecraft:sneak_time":233,"minecraft:walk_under_water_one_cm":368,"minecraft:jump":202,"minecraft:leave_game":1,"minecraft:time_since_death":20659,"minecraft:walk_on_water_one_cm":678,"minecraft:total_world_time":20659,"minecraft:fall_one_cm":5892},"minecraft:mined":{"minecraft:iron_ore":3,"variantcraftingtables:spruce_crafting_table":1,"minecraft:spruce_log":12,"minecraft:clay":1,"minecraft:torch":1,"minecraft:grass_block":2,"minecraft:coal_ore":10,"minecraft:dirt":4,"minecraft:copper_ore":1,"minecraft:spruce_leaves":2,"minecraft:stone":19,"minecraft:diorite":3},"minecraft:crafted":{"variantcraftingtables:spruce_crafting_table":1,"minecraft:stick":12,"minecraft:spruce_planks":48,"minecraft:iron_ingot":3,"minecraft:wooden_pickaxe":1,"minecraft:stone_pickaxe":1,"minecraft:wooden_axe":1,"minecraft:stone_sword":1,"minecraft:torch":20,"minecraft:air":0},"minecraft:killed":{"minecraft:chicken":1}},"DataVersion":3465}