{"stats":{"minecraft:used":{"minecraft:cooked_mutton":1,"minecraft:diorite":3,"minecraft:stone_sword":9,"minecraft:stone_pickaxe":66,"minecraft:spruce_planks":5,"minecraft:wooden_pickaxe":8,"minecraft:cooked_chicken":1,"minecraft:torch":14,"minecraft:dirt":7,"minecraft:spruce_boat":1,"minecraft:wooden_axe":35,"variantcraftingtables:spruce_crafting_table":3,"minecraft:sweet_berries":7},"minecraft:dropped":{"minecraft:iron_ingot":2,"minecraft:cooked_mutton":3,"minecraft:wooden_pickaxe":2},"minecraft:picked_up":{"minecraft:feather":2,"minecraft:chicken":1,"minecraft:clay_ball":4,"minecraft:brown_mushroom":5,"minecraft:wooden_pickaxe":2,"minecraft:red_mushroom":6,"minecraft:dirt":12,"minecraft:raw_copper":5,"minecraft:spruce_planks":4,"variantcraftingtables:spruce_crafting_table":2,"minecraft:iron_sword":1,"minecraft:furnace":1,"minecraft:raw_iron":3,"minecraft:sweet_berries":7,"minecraft:torch":3,"minecraft:spruce_sapling":4,"minecraft:diorite":3,"minecraft:spruce_log":18,"mythic_charms:experience_nugget":11,"minecraft:spruce_boat":2,"minecraft:granite":1,"minecraft:mutton":2,"minecraft:coal":14,"minecraft:white_wool":2,"minecraft:cobblestone":51},"minecraft:custom":{"minecraft:interact_with_furnace":18,"minecraft:mob_kills":4,"minecraft:interact_with_crafting_table":7,"minecraft:leave_game":1,"minecraft:time_since_death":32659,"minecraft:time_since_rest":32659,"minecraft:sprint_one_cm":69925,"minecraft:damage_taken":269,"minecraft:walk_one_cm":107544,"minecraft:drop":4,"minecraft:damage_dealt":469,"minecraft:fly_one_cm":44189,"minecraft:crouch_one_cm":1240,"minecraft:play_time":32659,"minecraft:sneak_time":593,"minecraft:walk_under_water_one_cm":368,"minecraft:boat_one_cm":6775,"minecraft:jump":400,"minecraft:walk_on_water_one_cm":882,"minecraft:total_world_time":32659,"minecraft:fall_one_cm":7959},"minecraft:crafted":{"variantcraftingtables:spruce_crafting_table":2,"minecraft:spruce_planks":48,"minecraft:wooden_pickaxe":1,"minecraft:cooked_chicken":1,"minecraft:cooked_mutton":6,"minecraft:air":0,"minecraft:shield":1,"minecraft:stick":12,"minecraft:iron_ingot":3,"minecraft:stone_pickaxe":1,"minecraft:wooden_axe":1,"minecraft:stone_sword":1,"minecraft:torch":20},"minecraft:mined":{"minecraft:spruce_planks":4,"minecraft:brown_mushroom":5,"variantcraftingtables:spruce_crafting_table":2,"minecraft:clay":1,"minecraft:torch":3,"minecraft:granite":1,"minecraft:grass_block":2,"minecraft:copper_ore":1,"minecraft:spruce_leaves":12,"minecraft:red_mushroom":7,"minecraft:diorite":3,"minecraft:furnace":1,"minecraft:iron_ore":3,"minecraft:spruce_log":19,"minecraft:grass":1,"minecraft:coal_ore":10,"minecraft:dirt":11,"minecraft:stone":49},"minecraft:killed":{"minecraft:sheep":1,"minecraft:skeleton":1,"minecraft:zombie":1,"minecraft:chicken":1}},"DataVersion":3465}